{"cameraMode":{"drawMode":0,"name":"Shaded","section":"Shading Mode"},"sceneLighting":false,"audioPlay":false,"sceneViewState":{"m_AlwaysRefresh":false,"showFog":false,"showSkybox":false,"showFlares":false,"showImageEffects":false,"showParticleSystems":false,"showVisualEffectGraphs":true,"m_FxEnabled":true},"in2DMode":false,"pivot":{"x":-0.9600728154182434,"y":1.6625175476074219,"z":0.19110077619552613},"rotation":{"x":-0.008362110704183579,"y":-0.9809481501579285,"z":0.1891697645187378,"w":-0.04418262094259262},"size":1.3243459463119507,"orthographic":false}